date_time,maxtempC,mintempC,totalSnow_cm,sunHour,uvIndex,moon_illumination,moonrise,moonset,sunrise,sunset,DewPointC,FeelsLikeC,HeatIndexC,WindChillC,WindGustKmph,cloudcover,humidity,precipMM,pressure,tempC,visibility,winddirDegree,windspeedKmph,location
2017-01-01,18,13,0.0,9.2,4,20,08:24 AM,08:54 PM,05:57 AM,06:15 PM,12,16,16,16,4,64,82,11.1,1014,18,9,160,3,Burundi
2017-01-02,19,12,0.0,11.8,5,27,09:14 AM,09:43 PM,05:57 AM,06:16 PM,13,16,16,16,6,60,83,2.2,1015,19,8,192,4,Burundi
2017-01-03,20,12,0.0,12.6,5,34,10:03 AM,10:30 PM,05:58 AM,06:16 PM,13,16,16,16,5,47,82,5.1,1015,20,8,139,3,Burundi
2017-01-04,21,10,0.0,12.6,5,41,10:53 AM,11:18 PM,05:58 AM,06:17 PM,12,16,17,16,7,19,76,2.5,1013,21,10,131,5,Burundi
2017-01-05,22,10,0.0,12.6,5,49,11:44 AM,No moonset,05:59 AM,06:17 PM,11,16,17,16,8,14,72,3.1,1012,22,10,115,5,Burundi
2017-01-06,22,10,0.0,12.6,5,56,12:35 PM,12:06 AM,05:59 AM,06:18 PM,10,16,17,16,7,9,70,0.1,1013,22,10,163,5,Burundi
2017-01-07,22,9,0.0,12.2,5,63,01:29 PM,12:57 AM,06:00 AM,06:18 PM,10,17,17,17,7,11,69,1.4,1014,22,10,218,4,Burundi
2017-01-08,21,11,0.0,12.2,5,70,02:25 PM,01:50 AM,06:00 AM,06:18 PM,11,16,17,16,6,12,71,1.2,1013,21,10,275,4,Burundi
2017-01-09,21,10,0.0,11.6,5,78,03:24 PM,02:45 AM,06:01 AM,06:19 PM,11,16,17,16,5,21,71,1.2,1012,21,10,267,3,Burundi
2017-01-10,20,11,0.0,11.6,5,85,04:24 PM,03:44 AM,06:01 AM,06:19 PM,12,17,17,17,5,45,74,2.5,1012,20,10,221,3,Burundi
2017-01-11,21,12,0.0,11.6,5,92,05:26 PM,04:44 AM,06:01 AM,06:19 PM,11,17,17,17,6,37,72,1.8,1012,21,8,153,4,Burundi
2017-01-12,22,10,0.0,11.6,5,100,06:25 PM,05:45 AM,06:02 AM,06:20 PM,10,17,18,17,7,10,66,0.0,1013,22,10,148,5,Burundi
2017-01-13,22,8,0.0,11.6,4,100,07:22 PM,06:44 AM,06:02 AM,06:20 PM,7,16,16,16,5,12,59,0.0,1013,22,10,251,3,Burundi
2017-01-14,21,8,0.0,11.6,4,86,08:15 PM,07:41 AM,06:03 AM,06:20 PM,8,16,17,16,5,17,59,0.0,1012,21,10,286,3,Burundi
2017-01-15,22,11,0.0,11.6,5,79,09:05 PM,08:33 AM,06:03 AM,06:21 PM,10,17,17,17,4,34,66,0.0,1012,22,10,234,3,Burundi
2017-01-16,23,12,0.0,11.6,5,71,09:51 PM,09:24 AM,06:04 AM,06:21 PM,12,17,17,17,5,30,72,8.0,1012,23,9,100,3,Burundi
2017-01-17,22,11,0.0,11.6,5,64,10:35 PM,10:11 AM,06:04 AM,06:21 PM,12,17,18,17,5,16,73,3.4,1011,22,10,116,3,Burundi
2017-01-18,22,11,0.0,11.6,5,57,11:19 PM,10:57 AM,06:04 AM,06:21 PM,11,17,18,17,5,10,70,1.0,1012,22,10,167,3,Burundi
2017-01-19,21,10,0.0,11.6,5,50,No moonrise,11:41 AM,06:05 AM,06:22 PM,9,17,17,17,4,8,64,0.0,1014,21,10,205,3,Burundi
2017-01-20,22,9,0.0,11.6,5,42,12:01 AM,12:25 PM,06:05 AM,06:22 PM,10,17,17,17,5,13,66,2.6,1013,22,10,216,3,Burundi
2017-01-21,22,11,0.0,11.6,5,35,12:43 AM,01:10 PM,06:05 AM,06:22 PM,11,17,17,17,5,18,73,6.6,1014,22,9,185,3,Burundi
2017-01-22,20,13,0.0,11.6,5,28,01:27 AM,01:56 PM,06:06 AM,06:22 PM,13,17,17,17,6,47,81,7.8,1014,20,9,99,4,Burundi
2017-01-23,21,11,0.0,11.6,5,20,02:12 AM,02:42 PM,06:06 AM,06:23 PM,13,17,17,17,7,21,79,6.4,1013,21,9,73,5,Burundi
2017-01-24,22,11,0.0,11.6,5,13,02:59 AM,03:31 PM,06:06 AM,06:23 PM,12,17,17,17,7,16,76,6.2,1013,22,9,108,4,Burundi
2017-01-25,22,10,0.0,11.6,5,6,03:47 AM,04:20 PM,06:07 AM,06:23 PM,11,17,17,17,7,13,71,5.4,1014,22,9,203,4,Burundi
2017-01-26,22,10,0.0,11.6,5,0,04:36 AM,05:10 PM,06:07 AM,06:23 PM,10,16,17,16,5,23,67,0.6,1016,22,10,257,3,Burundi
2017-01-27,21,10,0.0,11.6,4,0,05:27 AM,06:00 PM,06:07 AM,06:23 PM,9,16,16,16,6,18,67,1.6,1016,21,10,233,4,Burundi
2017-01-28,20,9,0.0,10.2,4,1,06:18 AM,06:50 PM,06:07 AM,06:23 PM,9,16,16,16,6,28,69,1.7,1015,20,10,255,4,Burundi
2017-01-29,21,10,0.0,11.6,5,8,07:09 AM,07:39 PM,06:08 AM,06:23 PM,10,16,17,16,5,32,68,1.4,1015,21,10,218,3,Burundi
2017-01-30,20,11,0.0,11.6,5,16,08:00 AM,08:28 PM,06:08 AM,06:23 PM,10,16,16,16,5,32,68,1.2,1015,20,10,292,3,Burundi
2017-01-31,21,11,0.0,11.6,5,20,08:51 AM,09:16 PM,06:08 AM,06:24 PM,10,17,17,17,6,28,68,2.3,1014,21,10,283,4,Burundi
2017-02-01,22,13,0.0,11.6,5,31,09:42 AM,10:05 PM,06:08 AM,06:24 PM,12,17,18,17,6,33,72,7.0,1013,22,9,173,4,Burundi
2017-02-02,19,14,0.0,7.5,5,39,10:32 AM,10:54 PM,06:09 AM,06:24 PM,13,16,16,16,4,68,79,8.3,1014,19,9,283,3,Burundi
2017-02-03,19,11,0.0,11.6,4,46,11:25 AM,11:46 PM,06:09 AM,06:24 PM,12,15,15,15,9,63,84,1.9,1016,19,8,203,7,Burundi
2017-02-04,20,10,0.0,11.6,4,54,12:19 PM,No moonset,06:09 AM,06:24 PM,11,16,16,16,4,39,74,0.3,1014,20,9,175,2,Burundi
2017-02-05,23,11,0.0,11.6,5,62,01:15 PM,12:38 AM,06:09 AM,06:24 PM,12,17,18,17,7,22,74,2.8,1013,23,10,84,5,Burundi
2017-02-06,21,11,0.0,11.6,5,69,02:13 PM,01:34 AM,06:09 AM,06:24 PM,12,17,18,17,6,24,74,3.7,1013,21,10,215,4,Burundi
2017-02-07,22,11,0.0,11.6,5,77,03:12 PM,02:31 AM,06:09 AM,06:24 PM,12,18,18,18,8,14,74,3.6,1012,22,10,200,5,Burundi
2017-02-08,22,12,0.0,11.6,5,84,04:10 PM,03:30 AM,06:10 AM,06:24 PM,12,18,18,18,7,29,72,4.4,1012,22,9,182,4,Burundi
2017-02-09,22,12,0.0,11.6,5,92,05:07 PM,04:28 AM,06:10 AM,06:23 PM,12,17,18,17,6,31,72,7.3,1012,22,9,171,4,Burundi
2017-02-10,22,11,0.0,11.6,5,99,06:01 PM,05:26 AM,06:10 AM,06:23 PM,12,17,18,17,6,21,73,2.2,1012,22,10,159,4,Burundi
2017-02-11,21,11,0.0,11.6,5,100,06:52 PM,06:20 AM,06:10 AM,06:23 PM,13,17,18,17,6,22,77,2.3,1011,21,10,138,4,Burundi
2017-02-12,20,12,0.0,11.6,5,86,07:41 PM,07:12 AM,06:10 AM,06:23 PM,12,16,16,16,7,30,76,1.4,1012,20,10,222,5,Burundi
2017-02-13,22,10,0.0,11.6,5,78,08:27 PM,08:01 AM,06:10 AM,06:23 PM,12,17,17,17,5,15,74,2.2,1012,22,10,202,3,Burundi
2017-02-14,21,10,0.0,11.6,5,71,09:11 PM,08:48 AM,06:10 AM,06:23 PM,12,17,17,17,8,24,76,1.1,1012,21,10,157,5,Burundi
2017-02-15,21,11,0.0,11.6,5,63,09:55 PM,09:34 AM,06:10 AM,06:23 PM,13,17,18,17,7,28,78,5.8,1013,21,9,87,4,Burundi
2017-02-16,18,12,0.0,11.6,4,55,10:37 PM,10:18 AM,06:10 AM,06:23 PM,12,16,16,16,5,32,82,10.1,1014,18,9,168,3,Burundi
2017-02-17,19,9,0.0,11.6,4,48,11:21 PM,11:04 AM,06:10 AM,06:23 PM,11,15,15,15,4,30,76,1.2,1015,19,10,165,3,Burundi
2017-02-18,19,10,0.0,11.6,4,40,No moonrise,11:49 AM,06:10 AM,06:22 PM,11,15,15,15,4,24,77,0.1,1015,19,10,159,3,Burundi
2017-02-19,21,10,0.0,10.2,5,33,12:05 AM,12:35 PM,06:10 AM,06:22 PM,12,16,17,16,6,35,78,8.4,1014,21,9,84,4,Burundi
2017-02-20,20,12,0.0,11.6,5,25,12:51 AM,01:23 PM,06:10 AM,06:22 PM,12,16,16,16,8,41,81,5.8,1014,20,9,239,5,Burundi
2017-02-21,20,12,0.0,11.6,4,18,01:39 AM,02:11 PM,06:10 AM,06:22 PM,12,16,16,16,7,29,80,4.0,1014,20,9,253,4,Burundi
2017-02-22,20,12,0.0,11.6,5,10,02:27 AM,03:00 PM,06:10 AM,06:22 PM,11,16,16,16,6,35,74,3.4,1014,20,10,262,4,Burundi
2017-02-23,21,11,0.0,11.6,5,3,03:17 AM,03:50 PM,06:10 AM,06:21 PM,11,17,17,17,8,29,72,11.2,1013,21,9,278,5,Burundi
2017-02-24,18,13,0.0,10.2,3,0,04:08 AM,04:40 PM,06:10 AM,06:21 PM,12,15,15,15,5,66,83,33.0,1015,18,8,237,3,Burundi
2017-02-25,19,13,0.0,10.2,3,0,05:00 AM,05:31 PM,06:10 AM,06:21 PM,13,15,15,15,4,79,85,13.7,1015,19,9,200,3,Burundi
2017-02-26,21,11,0.0,11.6,5,0,05:51 AM,06:20 PM,06:10 AM,06:21 PM,13,17,17,17,6,35,80,7.1,1013,21,9,171,4,Burundi
2017-02-27,19,10,0.0,11.6,4,5,06:43 AM,07:10 PM,06:10 AM,06:20 PM,11,15,15,15,4,20,77,0.3,1013,19,10,241,3,Burundi
2017-02-28,20,11,0.0,11.6,5,12,07:35 AM,08:00 PM,06:10 AM,06:20 PM,11,16,16,16,6,25,72,0.8,1013,20,10,249,4,Burundi
2017-03-01,20,12,0.0,11.6,5,19,08:27 AM,08:50 PM,06:10 AM,06:20 PM,12,16,16,16,5,31,77,3.4,1014,20,10,178,3,Burundi
2017-03-02,20,10,0.0,11.6,5,26,09:21 AM,09:42 PM,06:10 AM,06:19 PM,12,16,16,16,6,20,77,2.6,1014,20,10,183,3,Burundi
2017-03-03,19,12,0.0,11.6,5,34,10:15 AM,10:35 PM,06:09 AM,06:19 PM,12,16,16,16,5,49,79,3.8,1013,19,9,243,4,Burundi
2017-03-04,19,12,0.0,11.6,5,41,11:11 AM,11:30 PM,06:09 AM,06:19 PM,12,16,16,16,7,50,81,6.5,1013,19,9,187,5,Burundi
2017-03-05,21,13,0.0,11.6,5,48,12:08 PM,No moonset,06:09 AM,06:18 PM,13,17,18,17,6,42,77,4.1,1012,21,9,148,4,Burundi
2017-03-06,22,11,0.0,11.6,5,55,01:06 PM,12:26 AM,06:09 AM,06:18 PM,12,17,18,17,4,21,73,2.8,1011,22,10,147,3,Burundi
2017-03-07,22,14,0.0,11.6,5,63,02:03 PM,01:24 AM,06:09 AM,06:18 PM,13,18,18,18,6,50,78,7.8,1011,22,9,159,4,Burundi
2017-03-08,21,13,0.0,10.2,5,70,02:59 PM,02:20 AM,06:09 AM,06:17 PM,13,17,18,17,6,55,80,6.1,1012,21,10,239,4,Burundi
2017-03-09,18,13,0.0,11.6,4,77,03:53 PM,03:16 AM,06:09 AM,06:17 PM,13,16,16,16,7,49,87,2.5,1013,18,7,213,5,Burundi
2017-03-10,20,12,0.0,10.2,5,85,04:44 PM,04:10 AM,06:08 AM,06:17 PM,13,16,16,16,5,49,81,4.2,1012,20,10,64,3,Burundi
2017-03-11,21,12,0.0,11.6,5,92,05:33 PM,05:02 AM,06:08 AM,06:16 PM,13,17,17,17,7,29,80,3.6,1011,21,10,174,5,Burundi
2017-03-12,21,11,0.0,11.6,5,99,06:19 PM,05:52 AM,06:08 AM,06:16 PM,12,16,17,16,7,22,78,3.9,1013,21,9,72,5,Burundi
2017-03-13,21,11,0.0,11.6,5,100,07:04 PM,06:39 AM,06:08 AM,06:16 PM,13,17,17,17,8,24,79,8.3,1013,21,9,97,5,Burundi
2017-03-14,22,10,0.0,11.6,5,86,07:48 PM,07:26 AM,06:08 AM,06:15 PM,13,17,18,17,5,24,78,6.2,1013,22,10,133,4,Burundi
2017-03-15,21,11,0.0,11.6,5,79,08:31 PM,08:11 AM,06:08 AM,06:15 PM,12,17,17,17,6,25,76,1.9,1012,21,10,226,4,Burundi
2017-03-16,19,12,0.0,11.6,5,72,09:15 PM,08:57 AM,06:07 AM,06:15 PM,12,16,16,16,8,46,82,4.4,1014,19,10,219,6,Burundi
2017-03-17,20,12,0.0,11.6,5,65,09:59 PM,09:42 AM,06:07 AM,06:14 PM,12,16,16,16,5,40,80,5.1,1014,20,9,129,3,Burundi
2017-03-18,22,11,0.0,11.6,5,57,10:44 PM,10:28 AM,06:07 AM,06:14 PM,12,17,17,17,6,28,75,1.8,1013,22,10,118,4,Burundi
2017-03-19,20,11,0.0,11.6,4,50,11:31 PM,11:15 AM,06:07 AM,06:13 PM,13,17,16,17,7,26,80,6.0,1014,20,9,74,4,Burundi
2017-03-20,20,11,0.0,11.6,5,43,No moonrise,12:03 PM,06:07 AM,06:13 PM,13,16,16,16,5,35,83,6.9,1014,20,8,87,4,Burundi
2017-03-21,21,10,0.0,11.6,5,35,12:18 AM,12:51 PM,06:06 AM,06:13 PM,12,16,17,16,7,23,80,2.4,1013,21,9,88,5,Burundi
2017-03-22,20,11,0.0,11.6,5,28,01:07 AM,01:40 PM,06:06 AM,06:12 PM,13,17,16,17,8,31,82,4.4,1012,20,10,68,5,Burundi
2017-03-23,20,11,0.0,11.6,5,21,01:57 AM,02:29 PM,06:06 AM,06:12 PM,12,16,16,16,7,24,80,3.8,1013,20,10,96,5,Burundi
2017-03-24,20,9,0.0,11.6,4,14,02:47 AM,03:19 PM,06:06 AM,06:12 PM,10,15,16,15,6,16,73,0.0,1015,20,10,238,4,Burundi
2017-03-25,20,9,0.0,11.6,4,6,03:39 AM,04:08 PM,06:06 AM,06:11 PM,9,15,15,15,5,19,70,0.3,1015,20,10,233,4,Burundi
2017-03-26,21,9,0.0,11.6,5,0,04:30 AM,04:58 PM,06:05 AM,06:11 PM,9,16,17,16,5,9,65,0.0,1014,21,10,209,3,Burundi
2017-03-27,22,9,0.0,11.6,5,0,05:23 AM,05:49 PM,06:05 AM,06:10 PM,10,17,17,17,5,14,66,0.2,1014,22,10,196,3,Burundi
2017-03-28,21,10,0.0,11.6,5,1,06:16 AM,06:40 PM,06:05 AM,06:10 PM,12,17,17,17,6,23,76,7.0,1013,21,9,104,4,Burundi
2017-03-29,20,12,0.0,11.6,5,8,07:10 AM,07:33 PM,06:05 AM,06:10 PM,14,17,17,17,8,39,83,7.5,1013,20,10,116,5,Burundi
2017-03-30,18,12,0.0,11.6,5,15,08:06 AM,08:27 PM,06:05 AM,06:09 PM,13,16,16,16,7,53,85,5.0,1014,18,9,110,4,Burundi
2017-03-31,20,12,0.0,11.6,5,19,09:03 AM,09:24 PM,06:04 AM,06:09 PM,13,16,16,16,7,45,84,4.0,1016,20,8,141,5,Burundi
2017-04-01,20,10,0.0,11.6,4,31,10:02 AM,10:21 PM,06:04 AM,06:08 PM,12,16,16,16,7,30,82,2.7,1015,20,9,83,5,Burundi
2017-04-02,21,11,0.0,11.6,4,38,11:00 AM,11:19 PM,06:04 AM,06:08 PM,12,16,16,16,8,29,81,4.8,1014,21,10,69,5,Burundi
2017-04-03,20,10,0.0,11.6,4,46,11:59 AM,No moonset,06:04 AM,06:08 PM,12,15,15,15,8,27,82,4.8,1014,20,10,64,5,Burundi
2017-04-04,19,10,0.0,11.6,4,54,12:55 PM,12:16 AM,06:04 AM,06:07 PM,12,15,15,15,8,32,83,2.8,1015,19,8,82,6,Burundi
2017-04-05,20,11,0.0,11.6,4,61,01:49 PM,01:13 AM,06:03 AM,06:07 PM,12,15,15,15,9,42,83,3.4,1014,20,8,78,6,Burundi
2017-04-06,19,11,0.0,11.6,4,69,02:40 PM,02:06 AM,06:03 AM,06:07 PM,12,15,15,15,7,38,84,2.7,1013,19,8,96,5,Burundi
2017-04-07,19,11,0.0,11.6,5,76,03:29 PM,02:58 AM,06:03 AM,06:06 PM,13,16,16,16,8,39,85,1.6,1013,19,9,87,5,Burundi
2017-04-08,18,11,0.0,7.4,3,84,04:15 PM,03:47 AM,06:03 AM,06:06 PM,13,15,15,15,9,63,88,6.7,1013,18,7,61,6,Burundi
2017-04-09,19,13,0.0,11.6,5,91,05:00 PM,04:34 AM,06:03 AM,06:05 PM,14,16,16,16,7,63,88,11.3,1013,19,8,103,5,Burundi
2017-04-10,19,12,0.0,10.2,5,99,05:44 PM,05:21 AM,06:02 AM,06:05 PM,14,16,16,16,7,48,89,11.8,1012,19,8,93,5,Burundi
2017-04-11,19,12,0.0,11.6,5,100,06:26 PM,06:06 AM,06:02 AM,06:05 PM,14,16,16,16,7,46,87,15.4,1012,19,8,87,5,Burundi
2017-04-12,17,13,0.0,6.0,3,86,07:10 PM,06:51 AM,06:02 AM,06:04 PM,14,15,15,15,5,84,91,19.4,1013,17,6,71,3,Burundi
2017-04-13,20,12,0.0,11.6,5,79,07:54 PM,07:37 AM,06:02 AM,06:04 PM,14,16,16,16,9,40,85,5.8,1013,20,10,71,5,Burundi
2017-04-14,20,11,0.0,11.6,5,71,08:39 PM,08:22 AM,06:02 AM,06:04 PM,13,16,16,16,9,36,85,2.3,1014,20,9,70,6,Burundi
2017-04-15,20,10,0.0,11.6,4,63,09:25 PM,09:09 AM,06:02 AM,06:03 PM,12,16,15,16,5,30,83,1.3,1014,20,10,134,4,Burundi
2017-04-16,19,11,0.0,8.8,5,56,10:12 PM,09:57 AM,06:01 AM,06:03 PM,12,16,16,16,6,45,81,3.8,1014,19,9,224,4,Burundi
2017-04-17,20,12,0.0,11.6,5,48,11:00 PM,10:44 AM,06:01 AM,06:03 PM,13,16,16,16,5,48,82,6.3,1014,20,9,217,4,Burundi
2017-04-18,19,13,0.0,8.8,4,41,11:49 PM,11:33 AM,06:01 AM,06:03 PM,13,16,16,16,6,70,84,4.3,1014,19,7,228,4,Burundi
2017-04-19,20,12,0.0,10.2,5,33,No moonrise,12:20 PM,06:01 AM,06:02 PM,14,16,16,16,6,60,88,4.1,1013,20,7,136,4,Burundi
2017-04-20,17,13,0.0,6.0,3,26,12:37 AM,01:09 PM,06:01 AM,06:02 PM,14,15,15,15,5,82,91,12.2,1013,17,8,75,4,Burundi
2017-04-21,18,12,0.0,7.4,5,18,01:28 AM,01:57 PM,06:01 AM,06:02 PM,14,16,16,16,7,61,90,5.7,1013,18,7,111,5,Burundi
2017-04-22,17,12,0.0,7.4,3,11,02:17 AM,02:46 PM,06:01 AM,06:01 PM,14,15,15,15,6,70,93,27.8,1014,17,6,68,4,Burundi
2017-04-23,19,11,0.0,11.6,5,3,03:09 AM,03:36 PM,06:01 AM,06:01 PM,13,16,16,16,7,43,86,2.3,1014,19,8,93,4,Burundi
2017-04-24,19,11,0.0,12.0,5,0,04:01 AM,04:26 PM,06:00 AM,06:01 PM,13,16,16,16,6,33,85,0.6,1014,19,6,110,4,Burundi
2017-04-25,19,10,0.0,12.0,4,0,04:54 AM,05:18 PM,06:00 AM,06:01 PM,13,15,15,15,7,37,87,2.3,1014,19,6,118,5,Burundi
2017-04-26,19,11,0.0,12.0,4,0,05:50 AM,06:12 PM,06:00 AM,06:00 PM,13,16,15,16,8,49,87,0.7,1015,19,8,76,6,Burundi
2017-04-27,18,11,0.0,12.0,3,4,06:48 AM,07:09 PM,06:00 AM,06:00 PM,12,15,15,15,10,48,87,1.2,1015,18,8,80,6,Burundi
2017-04-28,19,11,0.0,12.0,4,12,07:48 AM,08:08 PM,06:00 AM,06:00 PM,13,15,15,15,9,40,87,1.0,1016,19,8,108,6,Burundi
2017-04-29,18,11,0.0,12.0,4,19,08:48 AM,09:08 PM,06:00 AM,06:00 PM,13,15,15,15,6,41,89,2.8,1016,18,8,152,5,Burundi
2017-04-30,17,11,0.0,12.0,4,27,09:49 AM,10:08 PM,06:00 AM,06:00 PM,13,14,14,14,5,51,90,7.7,1016,17,8,183,3,Burundi
2017-05-01,17,12,0.0,8.7,4,33,10:48 AM,11:07 PM,06:00 AM,05:59 PM,13,15,14,15,7,75,91,15.8,1016,17,7,85,5,Burundi
2017-05-02,18,12,0.0,7.2,3,40,11:45 AM,No moonset,06:00 AM,05:59 PM,13,15,15,15,7,77,90,7.1,1015,18,6,106,5,Burundi
2017-05-03,16,12,0.0,10.1,4,48,12:38 PM,12:03 AM,06:00 AM,05:59 PM,13,14,14,14,7,64,91,2.7,1014,16,7,82,5,Burundi
2017-05-04,17,11,0.0,8.7,3,55,01:28 PM,12:55 AM,06:00 AM,05:59 PM,13,14,14,14,7,68,91,3.0,1014,17,6,88,5,Burundi
2017-05-05,18,12,0.0,10.1,4,62,02:14 PM,01:46 AM,06:00 AM,05:59 PM,13,15,15,15,8,52,90,3.6,1014,18,7,88,5,Burundi
2017-05-06,17,12,0.0,8.7,3,70,02:59 PM,02:33 AM,06:00 AM,05:59 PM,13,15,15,15,7,59,91,1.9,1015,17,6,94,5,Burundi
2017-05-07,18,11,0.0,8.7,3,77,03:42 PM,03:19 AM,06:00 AM,05:59 PM,13,15,15,15,8,69,90,3.1,1015,18,6,97,6,Burundi
2017-05-08,18,10,0.0,11.6,4,84,04:25 PM,04:04 AM,06:00 AM,05:58 PM,12,14,14,14,10,51,88,0.6,1015,18,6,84,7,Burundi
2017-05-09,17,12,0.0,8.7,4,91,05:08 PM,04:49 AM,06:00 AM,05:58 PM,13,15,15,15,11,63,89,1.9,1014,17,8,88,7,Burundi
2017-05-10,20,12,0.0,10.1,4,99,05:51 PM,05:34 AM,06:00 AM,05:58 PM,13,15,15,15,11,51,85,0.1,1014,20,7,106,8,Burundi
2017-05-11,18,12,0.0,10.1,4,100,06:35 PM,06:19 AM,06:00 AM,05:58 PM,13,15,15,15,7,53,89,1.9,1015,18,7,97,5,Burundi
2017-05-12,17,11,0.0,8.7,4,87,07:21 PM,07:05 AM,06:00 AM,05:58 PM,13,15,15,15,7,71,91,9.8,1016,17,8,77,4,Burundi
2017-05-13,17,13,0.0,5.8,3,80,08:08 PM,07:53 AM,06:00 AM,05:58 PM,14,15,15,15,7,81,90,8.3,1015,17,8,99,5,Burundi
2017-05-14,19,12,0.0,8.7,3,72,08:55 PM,08:40 AM,06:00 AM,05:58 PM,14,16,15,16,5,58,89,3.2,1015,19,7,81,4,Burundi
2017-05-15,19,10,0.0,10.1,4,65,09:44 PM,09:28 AM,06:00 AM,05:58 PM,13,15,15,15,8,46,87,0.9,1015,19,7,93,5,Burundi
2017-05-16,20,10,0.0,11.6,4,58,10:32 PM,10:16 AM,06:00 AM,05:58 PM,13,16,15,16,7,41,85,3.4,1015,20,9,89,5,Burundi
2017-05-17,19,10,0.0,11.6,4,50,11:21 PM,11:04 AM,06:00 AM,05:58 PM,13,15,15,15,7,49,86,4.5,1014,19,8,87,5,Burundi
2017-05-18,17,12,0.0,10.1,4,43,No moonrise,11:51 AM,06:00 AM,05:58 PM,13,15,15,15,6,60,89,4.8,1016,17,8,112,4,Burundi
2017-05-19,18,11,0.0,10.1,4,36,12:09 AM,12:38 PM,06:00 AM,05:58 PM,13,15,15,15,8,59,89,3.1,1017,18,8,112,5,Burundi
2017-05-20,19,10,0.0,11.6,4,29,12:59 AM,01:26 PM,06:00 AM,05:58 PM,12,15,15,15,10,42,87,0.7,1017,19,8,84,7,Burundi
2017-05-21,19,10,0.0,8.7,4,21,01:49 AM,02:14 PM,06:01 AM,05:58 PM,12,14,14,14,10,40,85,0.0,1016,19,10,90,7,Burundi
2017-05-22,19,10,0.0,8.7,4,14,02:40 AM,03:04 PM,06:01 AM,05:58 PM,12,15,15,15,10,43,85,0.7,1015,19,9,136,7,Burundi
2017-05-23,18,11,0.0,7.2,4,7,03:33 AM,03:56 PM,06:01 AM,05:58 PM,12,14,14,14,9,50,88,2.6,1016,18,8,83,6,Burundi
2017-05-24,20,10,0.0,8.7,4,0,04:29 AM,04:51 PM,06:01 AM,05:58 PM,12,15,15,15,8,44,84,0.8,1015,20,7,90,6,Burundi
2017-05-25,20,10,0.0,8.7,4,0,05:28 AM,05:50 PM,06:01 AM,05:58 PM,12,15,15,15,8,41,84,0.0,1015,20,10,94,5,Burundi
2017-05-26,21,10,0.0,8.7,4,0,06:29 AM,06:50 PM,06:01 AM,05:58 PM,12,16,16,16,8,19,79,1.0,1014,21,10,120,5,Burundi
2017-05-27,21,9,0.0,8.7,4,8,07:32 AM,07:52 PM,06:01 AM,05:58 PM,11,15,16,15,6,14,78,0.0,1016,21,10,221,4,Burundi
2017-05-28,19,9,0.0,8.7,4,15,08:34 AM,08:54 PM,06:02 AM,05:58 PM,11,15,15,15,7,15,77,0.2,1016,19,10,271,4,Burundi
2017-05-29,18,9,0.0,8.7,4,22,09:35 AM,09:53 PM,06:02 AM,05:58 PM,11,15,15,15,6,24,80,0.2,1017,18,10,263,4,Burundi
2017-05-30,18,9,0.0,8.7,4,29,10:31 AM,10:49 PM,06:02 AM,05:58 PM,12,14,14,14,7,37,84,0.6,1017,18,10,162,5,Burundi
2017-05-31,19,12,0.0,8.7,4,33,11:23 AM,11:42 PM,06:02 AM,05:59 PM,13,15,15,15,8,49,87,0.0,1017,19,8,152,6,Burundi
2017-06-01,19,10,0.0,8.7,4,46,12:12 PM,No moonset,06:02 AM,05:59 PM,12,15,15,15,8,35,83,0.3,1017,19,10,170,6,Burundi
2017-06-02,19,10,0.0,8.7,4,53,12:58 PM,12:31 AM,06:02 AM,05:59 PM,12,15,15,15,8,38,84,1.6,1017,19,10,204,6,Burundi
2017-06-03,18,10,0.0,8.7,4,61,01:42 PM,01:18 AM,06:03 AM,05:59 PM,12,15,15,15,7,49,87,0.4,1017,18,9,93,5,Burundi
2017-06-04,20,10,0.0,8.7,4,68,02:24 PM,02:03 AM,06:03 AM,05:59 PM,12,15,15,15,7,40,84,0.5,1016,20,8,116,5,Burundi
2017-06-05,19,10,0.0,8.7,4,76,03:07 PM,02:47 AM,06:03 AM,05:59 PM,12,15,15,15,8,28,80,0.0,1016,19,10,126,6,Burundi
2017-06-06,20,10,0.0,8.7,4,83,03:50 PM,03:32 AM,06:03 AM,05:59 PM,11,15,15,15,8,21,79,0.1,1016,20,10,171,6,Burundi
2017-06-07,20,9,0.0,8.7,4,91,04:34 PM,04:17 AM,06:03 AM,05:59 PM,11,15,15,15,6,25,78,0.3,1015,20,10,134,4,Burundi
2017-06-08,20,10,0.0,11.6,5,98,05:19 PM,05:03 AM,06:04 AM,06:00 PM,12,16,16,16,6,24,80,0.6,1014,20,9,255,4,Burundi
2017-06-09,20,10,0.0,11.6,4,100,06:05 PM,05:50 AM,06:04 AM,06:00 PM,11,15,15,15,7,17,79,0.0,1015,20,10,189,5,Burundi
2017-06-10,20,8,0.0,11.6,4,87,06:52 PM,06:37 AM,06:04 AM,06:00 PM,10,15,15,15,7,18,77,0.1,1015,20,10,153,6,Burundi
2017-06-11,20,9,0.0,11.6,4,79,07:41 PM,07:25 AM,06:04 AM,06:00 PM,11,15,15,15,9,18,76,0.0,1014,20,10,180,6,Burundi
2017-06-12,20,11,0.0,11.6,4,71,08:29 PM,08:13 AM,06:04 AM,06:00 PM,12,15,15,15,7,28,79,0.6,1014,20,10,135,5,Burundi
2017-06-13,19,11,0.0,11.6,4,64,09:18 PM,09:01 AM,06:05 AM,06:01 PM,12,15,15,15,7,36,79,0.5,1014,19,9,84,5,Burundi
2017-06-14,18,10,0.0,11.6,4,56,10:06 PM,09:48 AM,06:05 AM,06:01 PM,12,14,14,14,8,36,84,0.0,1015,18,10,125,5,Burundi
2017-06-15,17,10,0.0,10.2,4,49,10:54 PM,10:35 AM,06:05 AM,06:01 PM,11,14,14,14,4,42,87,0.0,1015,17,10,203,3,Burundi
2017-06-16,19,8,0.0,11.6,4,41,11:43 PM,11:21 AM,06:05 AM,06:01 PM,11,14,14,14,6,33,83,1.5,1015,19,10,170,4,Burundi
2017-06-17,17,12,0.0,11.6,4,34,No moonrise,12:07 PM,06:06 AM,06:01 PM,12,15,14,15,7,43,86,1.9,1014,17,10,131,5,Burundi
2017-06-18,16,11,0.0,10.2,4,26,12:31 AM,12:55 PM,06:06 AM,06:02 PM,12,14,14,14,6,55,88,9.6,1015,16,9,121,4,Burundi
2017-06-19,16,10,0.0,11.6,4,19,01:22 AM,01:45 PM,06:06 AM,06:02 PM,11,13,13,13,6,40,88,0.0,1016,16,9,122,4,Burundi
2017-06-20,19,9,0.0,11.6,4,11,02:15 AM,02:36 PM,06:06 AM,06:02 PM,11,15,15,15,7,25,81,0.0,1015,19,10,178,5,Burundi
2017-06-21,19,10,0.0,11.6,4,4,03:11 AM,03:32 PM,06:06 AM,06:02 PM,12,16,15,16,6,23,80,0.3,1014,19,10,254,4,Burundi
2017-06-22,19,11,0.0,11.6,4,0,04:09 AM,04:30 PM,06:07 AM,06:02 PM,12,16,15,16,7,25,81,1.4,1015,19,10,206,5,Burundi
2017-06-23,19,10,0.0,11.6,4,0,05:11 AM,05:32 PM,06:07 AM,06:03 PM,12,15,15,15,7,23,79,0.5,1015,19,10,170,5,Burundi
2017-06-24,19,10,0.0,11.6,4,0,06:14 AM,06:34 PM,06:07 AM,06:03 PM,10,15,15,15,8,21,75,0.0,1015,19,10,195,6,Burundi
2017-06-25,19,10,0.0,11.6,4,4,07:17 AM,07:37 PM,06:07 AM,06:03 PM,10,15,15,15,7,23,74,0.0,1015,19,10,84,5,Burundi
2017-06-26,19,9,0.0,11.6,4,11,08:16 AM,08:36 PM,06:08 AM,06:03 PM,11,15,15,15,7,29,78,0.0,1015,19,10,127,5,Burundi
2017-06-27,20,10,0.0,11.6,4,19,09:13 AM,09:32 PM,06:08 AM,06:03 PM,10,15,15,15,7,21,76,0.0,1015,20,10,188,5,Burundi
2017-06-28,19,9,0.0,11.6,4,26,10:05 AM,10:24 PM,06:08 AM,06:04 PM,10,15,15,15,7,21,76,0.0,1015,19,10,186,5,Burundi
2017-06-29,19,9,0.0,11.6,4,34,10:53 AM,11:13 PM,06:08 AM,06:04 PM,10,15,15,15,7,19,78,0.2,1016,19,10,171,5,Burundi
2017-06-30,19,9,0.0,11.6,4,42,11:39 AM,12:00 AM,06:08 AM,06:04 PM,10,15,15,15,8,16,75,0.0,1016,19,10,206,6,Burundi
2017-07-01,20,9,0.0,11.6,4,47,12:22 PM,No moonset,06:08 AM,06:04 PM,10,15,15,15,8,23,75,0.0,1015,20,10,221,5,Burundi
2017-07-02,19,9,0.0,11.6,4,55,01:06 PM,12:45 AM,06:09 AM,06:05 PM,11,16,16,16,7,19,74,0.0,1015,19,10,225,4,Burundi
2017-07-03,18,12,0.0,11.6,4,62,01:49 PM,01:30 AM,06:09 AM,06:05 PM,11,15,15,15,6,25,78,1.4,1016,18,10,283,4,Burundi
2017-07-04,17,12,0.0,11.6,4,69,02:32 PM,02:14 AM,06:09 AM,06:05 PM,11,15,15,15,7,37,80,2.1,1016,17,9,251,4,Burundi
2017-07-05,17,12,0.0,11.6,4,76,03:17 PM,03:00 AM,06:09 AM,06:05 PM,11,14,14,14,6,45,83,1.9,1017,17,10,238,5,Burundi
2017-07-06,15,12,0.0,11.6,4,84,04:02 PM,03:47 AM,06:09 AM,06:05 PM,12,14,14,14,5,51,87,0.0,1018,15,10,161,4,Burundi
2017-07-07,18,12,0.0,11.6,4,91,04:49 PM,04:34 AM,06:09 AM,06:05 PM,11,14,14,14,6,47,82,0.0,1018,18,9,176,4,Burundi
2017-07-08,19,11,0.0,11.6,4,98,05:38 PM,05:22 AM,06:09 AM,06:06 PM,10,15,15,15,8,26,73,0.0,1017,19,10,213,6,Burundi
2017-07-09,20,10,0.0,11.6,4,100,06:26 PM,06:10 AM,06:10 AM,06:06 PM,11,15,15,15,7,24,75,0.2,1016,20,10,161,5,Burundi
2017-07-10,20,8,0.0,11.6,4,87,07:15 PM,06:59 AM,06:10 AM,06:06 PM,9,15,15,15,6,7,70,0.0,1015,20,10,231,4,Burundi
2017-07-11,20,8,0.0,11.6,4,80,08:04 PM,07:47 AM,06:10 AM,06:06 PM,8,16,16,16,8,7,61,0.0,1016,20,10,260,5,Burundi
2017-07-12,20,11,0.0,11.6,4,73,08:52 PM,08:33 AM,06:10 AM,06:06 PM,9,16,16,16,8,9,63,0.0,1018,20,10,251,6,Burundi
2017-07-13,19,9,0.0,11.6,4,65,09:40 PM,09:20 AM,06:10 AM,06:06 PM,10,16,15,16,7,15,71,0.4,1016,19,10,266,5,Burundi
2017-07-14,20,12,0.0,11.6,5,58,10:28 PM,10:06 AM,06:10 AM,06:07 PM,11,17,17,17,8,13,69,0.0,1015,20,10,250,5,Burundi
2017-07-15,21,11,0.0,11.6,5,51,11:18 PM,10:52 AM,06:10 AM,06:07 PM,10,17,17,17,8,12,68,0.1,1015,21,10,219,6,Burundi
2017-07-16,21,10,0.0,11.6,5,44,No moonrise,11:40 AM,06:10 AM,06:07 PM,10,17,17,17,8,10,67,0.2,1015,21,10,261,6,Burundi
2017-07-17,21,10,0.0,11.6,4,36,12:08 AM,12:28 PM,06:10 AM,06:07 PM,8,16,17,16,8,7,62,0.0,1016,21,10,230,5,Burundi
2017-07-18,20,10,0.0,11.6,5,29,01:00 AM,01:21 PM,06:10 AM,06:07 PM,9,17,16,17,7,18,63,0.6,1017,20,10,163,5,Burundi
2017-07-19,21,11,0.0,11.6,5,22,01:56 AM,02:16 PM,06:10 AM,06:07 PM,11,16,16,16,7,18,71,0.0,1017,21,10,219,5,Burundi
2017-07-20,21,12,0.0,11.6,5,15,02:54 AM,03:14 PM,06:10 AM,06:07 PM,11,17,18,17,5,13,67,0.0,1016,21,10,256,3,Burundi
2017-07-21,23,11,0.0,11.6,5,7,03:55 AM,04:15 PM,06:10 AM,06:07 PM,10,18,19,18,5,8,62,0.0,1014,23,10,268,3,Burundi
2017-07-22,22,13,0.0,11.6,5,0,04:57 AM,05:17 PM,06:10 AM,06:08 PM,10,19,19,19,5,8,58,0.2,1015,22,10,245,3,Burundi
2017-07-23,22,13,0.0,11.6,5,0,05:58 AM,06:18 PM,06:10 AM,06:08 PM,10,18,19,18,5,11,59,0.0,1015,22,10,265,4,Burundi
2017-07-24,21,13,0.0,11.6,5,0,06:57 AM,07:16 PM,06:10 AM,06:08 PM,10,17,17,17,6,18,66,0.0,1016,21,10,255,4,Burundi
2017-07-25,19,13,0.0,11.6,5,7,07:52 AM,08:11 PM,06:10 AM,06:08 PM,10,16,16,16,5,21,68,0.0,1016,19,10,218,4,Burundi
2017-07-26,20,12,0.0,11.6,5,14,08:43 AM,09:03 PM,06:10 AM,06:08 PM,9,17,17,17,5,23,64,0.0,1016,20,10,272,4,Burundi
2017-07-27,21,11,0.0,11.6,5,22,09:32 AM,09:53 PM,06:10 AM,06:08 PM,10,17,18,17,5,13,65,0.1,1016,21,10,262,3,Burundi
2017-07-28,22,13,0.0,11.6,5,29,10:17 AM,10:39 PM,06:10 AM,06:08 PM,11,18,18,18,4,13,65,0.1,1015,22,10,211,3,Burundi
2017-07-29,21,13,0.0,11.6,5,36,11:01 AM,11:25 PM,06:10 AM,06:08 PM,10,17,18,17,4,13,65,0.6,1015,21,10,205,3,Burundi
2017-07-30,22,12,0.0,11.6,5,43,11:45 AM,No moonset,06:10 AM,06:08 PM,9,17,17,17,5,19,60,0.0,1015,22,10,219,4,Burundi
2017-07-31,22,12,0.0,11.6,5,47,12:28 PM,12:10 AM,06:10 AM,06:08 PM,9,17,18,17,5,16,59,0.0,1016,22,10,144,4,Burundi
2017-08-01,21,13,0.0,11.6,5,58,01:13 PM,12:56 AM,06:10 AM,06:08 PM,10,17,17,17,4,25,66,0.7,1017,21,10,113,3,Burundi
2017-08-02,18,13,0.0,10.2,5,65,01:58 PM,01:42 AM,06:10 AM,06:08 PM,12,16,16,16,5,34,79,9.0,1017,18,10,166,4,Burundi
2017-08-03,19,13,0.0,11.6,5,73,02:44 PM,02:29 AM,06:09 AM,06:08 PM,12,16,16,16,4,31,79,0.7,1016,19,9,198,3,Burundi
2017-08-04,20,12,0.0,11.6,5,80,03:33 PM,03:17 AM,06:09 AM,06:08 PM,12,16,16,16,4,30,75,0.0,1015,20,10,170,3,Burundi
2017-08-05,17,13,0.0,11.6,4,87,04:21 PM,04:05 AM,06:09 AM,06:08 PM,12,15,15,15,4,40,82,1.4,1016,17,10,189,3,Burundi
2017-08-06,20,13,0.0,11.6,5,94,05:10 PM,04:54 AM,06:09 AM,06:08 PM,12,16,16,16,5,30,77,5.4,1016,20,10,221,3,Burundi
2017-08-07,20,12,0.0,11.6,5,100,06:00 PM,05:43 AM,06:09 AM,06:08 PM,11,17,17,17,5,18,73,0.0,1015,20,10,217,4,Burundi
2017-08-08,20,13,0.0,11.6,5,100,06:49 PM,06:30 AM,06:09 AM,06:08 PM,12,17,17,17,4,17,73,0.0,1015,20,10,220,3,Burundi
2017-08-09,19,13,0.0,11.6,5,84,07:38 PM,07:18 AM,06:08 AM,06:08 PM,12,17,17,17,5,22,73,2.2,1016,19,10,222,4,Burundi
2017-08-10,17,13,0.0,11.6,4,77,08:26 PM,08:04 AM,06:08 AM,06:08 PM,12,16,16,16,5,36,77,2.9,1016,17,9,204,4,Burundi
2017-08-11,15,12,0.0,11.6,4,69,09:15 PM,08:51 AM,06:08 AM,06:07 PM,11,14,14,14,4,29,80,0.0,1016,15,10,234,3,Burundi
2017-08-12,20,12,0.0,11.6,5,62,10:05 PM,09:38 AM,06:08 AM,06:07 PM,10,17,17,17,4,17,68,0.2,1016,20,10,180,3,Burundi
2017-08-13,18,13,0.0,11.6,5,55,10:56 PM,10:26 AM,06:07 AM,06:07 PM,11,16,16,16,4,26,73,0.8,1015,18,9,161,3,Burundi
2017-08-14,17,13,0.0,11.6,4,47,11:50 PM,11:16 AM,06:07 AM,06:07 PM,11,16,15,16,3,31,77,3.3,1015,17,10,111,2,Burundi
2017-08-15,17,13,0.0,11.6,4,40,No moonrise,12:09 PM,06:07 AM,06:07 PM,12,15,15,15,3,37,80,4.1,1014,17,10,163,2,Burundi
2017-08-16,18,13,0.0,11.6,5,33,12:45 AM,01:04 PM,06:07 AM,06:07 PM,12,16,16,16,4,31,79,0.1,1013,18,10,153,3,Burundi
2017-08-17,18,13,0.0,11.6,5,26,01:44 AM,02:02 PM,06:06 AM,06:07 PM,12,16,16,16,5,29,80,1.9,1013,18,10,185,3,Burundi
2017-08-18,20,13,0.0,10.2,5,18,02:43 AM,03:02 PM,06:06 AM,06:07 PM,13,17,17,17,5,37,79,8.3,1014,20,9,128,4,Burundi
2017-08-19,17,13,0.0,10.2,4,11,03:43 AM,04:02 PM,06:06 AM,06:06 PM,13,15,15,15,6,48,86,12.6,1015,17,10,69,4,Burundi
2017-08-20,20,13,0.0,11.6,5,4,04:41 AM,05:01 PM,06:05 AM,06:06 PM,12,16,16,16,6,45,79,1.8,1015,20,10,91,5,Burundi
2017-08-21,21,12,0.0,11.6,5,0,05:38 AM,05:57 PM,06:05 AM,06:06 PM,11,17,17,17,5,22,71,0.0,1014,21,10,119,4,Burundi
2017-08-22,21,13,0.0,11.6,5,0,06:30 AM,06:51 PM,06:05 AM,06:06 PM,11,18,18,18,5,16,68,0.6,1013,21,10,217,4,Burundi
2017-08-23,22,13,0.0,11.6,5,3,07:21 AM,07:42 PM,06:04 AM,06:06 PM,12,18,18,18,5,17,70,0.3,1013,22,10,251,4,Burundi
2017-08-24,20,13,0.0,11.6,5,10,08:08 AM,08:30 PM,06:04 AM,06:06 PM,12,17,17,17,5,15,71,0.3,1013,20,10,257,4,Burundi
2017-08-25,20,13,0.0,11.6,5,18,08:54 AM,09:18 PM,06:04 AM,06:05 PM,11,17,18,17,5,16,68,0.7,1013,20,10,241,4,Burundi
2017-08-26,20,13,0.0,11.6,5,25,09:39 AM,10:04 PM,06:03 AM,06:05 PM,12,17,17,17,6,15,71,0.2,1012,20,10,77,4,Burundi
2017-08-27,20,13,0.0,11.6,5,32,10:22 AM,10:50 PM,06:03 AM,06:05 PM,12,17,17,17,5,17,71,0.2,1013,20,10,177,4,Burundi
2017-08-28,21,12,0.0,11.6,5,40,11:07 AM,11:36 PM,06:03 AM,06:05 PM,10,17,17,17,6,11,66,0.0,1014,21,10,224,4,Burundi
2017-08-29,22,11,0.0,11.6,5,47,11:52 AM,No moonset,06:02 AM,06:05 PM,9,18,18,18,5,7,59,0.0,1014,22,10,227,4,Burundi
2017-08-30,23,11,0.0,11.6,5,54,12:38 PM,12:22 AM,06:02 AM,06:04 PM,9,19,19,19,4,5,53,0.0,1014,23,10,229,3,Burundi
2017-08-31,23,13,0.0,11.6,5,58,01:26 PM,01:10 AM,06:02 AM,06:04 PM,9,19,20,19,5,6,54,0.0,1014,23,10,266,4,Burundi
2017-09-01,23,12,0.0,11.6,5,71,02:14 PM,01:58 AM,06:01 AM,06:04 PM,10,18,19,18,6,7,59,0.1,1015,23,10,267,5,Burundi
2017-09-02,23,12,0.0,11.6,5,79,03:03 PM,02:47 AM,06:01 AM,06:04 PM,9,19,19,19,6,5,53,0.0,1014,23,10,275,4,Burundi
2017-09-03,22,12,0.0,12.0,5,86,03:52 PM,03:35 AM,06:00 AM,06:03 PM,7,19,19,19,5,16,47,0.0,1014,22,10,223,4,Burundi
2017-09-04,20,13,0.0,12.0,5,94,04:42 PM,04:23 AM,06:00 AM,06:03 PM,9,17,17,17,6,35,60,0.2,1016,20,10,165,4,Burundi
2017-09-05,21,13,0.0,12.0,5,100,05:31 PM,05:12 AM,06:00 AM,06:03 PM,11,17,17,17,5,33,68,3.9,1016,21,9,118,3,Burundi
2017-09-06,20,13,0.0,12.4,5,100,06:21 PM,05:59 AM,05:59 AM,06:03 PM,12,17,17,17,6,18,74,8.0,1016,20,9,195,4,Burundi
2017-09-07,21,12,0.0,12.4,5,83,07:11 PM,06:46 AM,05:59 AM,06:02 PM,12,17,17,17,4,15,71,1.9,1014,21,10,235,3,Burundi
2017-09-08,20,14,0.0,12.4,5,76,08:01 PM,07:35 AM,05:58 AM,06:02 PM,12,17,17,17,6,37,76,7.8,1013,20,9,104,4,Burundi
2017-09-09,19,14,0.0,12.4,5,68,08:53 PM,08:23 AM,05:58 AM,06:02 PM,12,17,17,17,5,47,76,3.4,1014,19,9,192,4,Burundi
2017-09-10,20,13,0.0,12.5,5,61,09:46 PM,09:14 AM,05:57 AM,06:02 PM,12,17,17,17,5,42,72,0.9,1014,20,10,243,4,Burundi
2017-09-11,22,13,0.0,12.4,5,53,10:41 PM,10:05 AM,05:57 AM,06:01 PM,11,18,18,18,5,19,68,1.6,1013,22,10,286,4,Burundi
2017-09-12,23,13,0.0,12.4,5,46,11:38 PM,11:00 AM,05:57 AM,06:01 PM,11,19,19,19,5,10,65,0.0,1012,23,10,154,4,Burundi
2017-09-13,23,13,0.0,12.5,5,38,No moonrise,11:56 AM,05:56 AM,06:01 PM,10,19,20,19,5,6,57,0.0,1013,23,10,242,4,Burundi
2017-09-14,22,12,0.0,12.5,5,31,12:36 AM,12:54 PM,05:56 AM,06:01 PM,9,18,18,18,6,14,59,0.0,1014,22,10,264,4,Burundi
2017-09-15,22,13,0.0,12.5,5,23,01:35 AM,01:53 PM,05:55 AM,06:00 PM,10,18,18,18,4,40,61,0.0,1014,22,10,230,3,Burundi
2017-09-16,21,13,0.0,12.5,5,16,02:32 AM,02:50 PM,05:55 AM,06:00 PM,11,17,18,17,6,31,69,3.5,1014,21,10,192,4,Burundi
2017-09-17,23,14,0.0,12.5,5,8,03:28 AM,03:46 PM,05:54 AM,06:00 PM,12,18,19,18,5,21,68,0.7,1014,23,9,267,4,Burundi
2017-09-18,23,13,0.0,12.5,5,0,04:20 AM,04:40 PM,05:54 AM,06:00 PM,12,19,19,19,6,13,66,2.3,1014,23,10,238,4,Burundi
2017-09-19,21,14,0.0,11.6,5,0,05:11 AM,05:31 PM,05:54 AM,05:59 PM,12,18,18,18,5,14,68,0.3,1015,21,10,66,4,Burundi
2017-09-20,20,13,0.0,11.6,5,0,05:59 AM,06:20 PM,05:53 AM,05:59 PM,12,17,17,17,5,27,73,5.9,1015,20,9,63,4,Burundi
2017-09-21,22,13,0.0,11.6,5,0,06:45 AM,07:09 PM,05:53 AM,05:59 PM,11,18,19,18,5,17,66,0.0,1014,22,10,90,4,Burundi
2017-09-22,23,12,0.0,11.6,5,7,07:31 AM,07:55 PM,05:52 AM,05:59 PM,9,19,19,19,5,5,54,0.0,1014,23,10,179,4,Burundi
2017-09-23,24,13,0.0,11.6,5,14,08:15 AM,08:42 PM,05:52 AM,05:58 PM,9,20,20,20,4,8,52,0.1,1014,24,10,149,3,Burundi
2017-09-24,21,14,0.0,11.6,5,22,09:00 AM,09:29 PM,05:51 AM,05:58 PM,9,18,18,18,4,17,59,0.6,1014,21,10,282,3,Burundi
2017-09-25,22,12,0.0,11.6,5,30,09:46 AM,10:15 PM,05:51 AM,05:58 PM,10,18,18,18,5,30,64,3.7,1012,22,10,204,4,Burundi
2017-09-26,17,13,0.0,7.4,3,37,10:31 AM,11:03 PM,05:50 AM,05:58 PM,12,15,15,15,3,85,85,15.7,1014,17,9,238,3,Burundi
2017-09-27,21,13,0.0,11.6,5,45,11:18 AM,11:51 PM,05:50 AM,05:57 PM,13,17,18,17,5,57,78,11.0,1014,21,9,192,4,Burundi
2017-09-28,20,14,0.0,11.6,5,52,12:06 PM,No moonset,05:50 AM,05:57 PM,14,17,17,17,5,46,81,23.2,1014,20,9,157,4,Burundi
2017-09-29,20,14,0.0,11.6,5,60,12:54 PM,12:38 AM,05:49 AM,05:57 PM,13,17,17,17,5,36,80,0.5,1013,20,10,176,4,Burundi
2017-09-30,20,12,0.0,11.6,5,67,01:43 PM,01:27 AM,05:49 AM,05:57 PM,11,17,18,17,5,13,67,0.1,1014,20,10,126,4,Burundi
2017-10-01,21,12,0.0,11.6,5,72,02:32 PM,02:14 AM,05:48 AM,05:56 PM,11,18,18,18,6,14,66,0.0,1013,21,10,65,5,Burundi
2017-10-02,21,13,0.0,11.6,5,79,03:21 PM,03:02 AM,05:48 AM,05:56 PM,11,18,18,18,6,14,67,0.0,1012,21,10,160,4,Burundi
2017-10-03,21,13,0.0,11.6,5,87,04:11 PM,03:50 AM,05:48 AM,05:56 PM,11,18,18,18,6,15,65,0.0,1011,21,10,152,4,Burundi
2017-10-04,21,13,0.0,11.6,5,94,05:01 PM,04:37 AM,05:47 AM,05:56 PM,12,18,19,18,5,11,67,0.0,1012,21,10,101,4,Burundi
2017-10-05,21,13,0.0,11.6,5,100,05:52 PM,05:26 AM,05:47 AM,05:56 PM,12,18,18,18,4,14,71,0.0,1013,21,10,141,3,Burundi
2017-10-06,15,13,0.0,11.6,4,100,06:44 PM,06:15 AM,05:46 AM,05:55 PM,11,16,15,16,6,9,78,0.1,1012,15,10,55,3,Burundi
2017-10-07,22,13,0.0,11.6,5,84,07:39 PM,07:06 AM,05:46 AM,05:55 PM,12,18,19,18,5,14,69,4.8,1011,22,10,150,3,Burundi
2017-10-08,23,13,0.0,11.6,5,77,08:34 PM,07:59 AM,05:46 AM,05:55 PM,13,18,19,18,5,18,70,4.0,1011,23,9,98,3,Burundi
2017-10-09,24,13,0.0,11.6,5,70,09:33 PM,08:54 AM,05:45 AM,05:55 PM,12,18,19,18,6,13,68,0.2,1011,24,10,263,4,Burundi
2017-10-10,21,13,0.0,11.6,5,62,10:31 PM,09:51 AM,05:45 AM,05:55 PM,12,17,17,17,4,25,71,0.1,1013,21,10,281,3,Burundi
2017-10-11,24,12,0.0,11.6,5,55,11:30 PM,10:50 AM,05:45 AM,05:54 PM,11,19,19,19,4,10,62,0.0,1013,24,10,277,3,Burundi
2017-10-12,25,12,0.0,11.6,5,48,No moonrise,11:48 AM,05:44 AM,05:54 PM,11,19,19,19,5,11,62,0.0,1013,25,10,223,3,Burundi
2017-10-13,24,12,0.0,11.6,5,41,12:28 AM,12:45 PM,05:44 AM,05:54 PM,11,18,19,18,5,12,66,0.0,1013,24,10,115,4,Burundi
2017-10-14,21,12,0.0,11.6,5,33,01:23 AM,01:41 PM,05:44 AM,05:54 PM,12,18,18,18,6,23,71,2.2,1013,21,10,217,4,Burundi
2017-10-15,20,12,0.0,11.6,5,26,02:16 AM,02:34 PM,05:43 AM,05:54 PM,12,17,17,17,5,31,76,0.4,1014,20,10,199,4,Burundi
2017-10-16,24,13,0.0,11.6,5,19,03:06 AM,03:25 PM,05:43 AM,05:54 PM,12,19,19,19,5,15,70,0.7,1014,24,10,140,3,Burundi
2017-10-17,21,14,0.0,11.6,5,12,03:54 AM,04:14 PM,05:43 AM,05:54 PM,13,18,18,18,5,32,74,2.5,1014,21,10,133,4,Burundi
2017-10-18,20,13,0.0,10.2,5,4,04:40 AM,05:02 PM,05:42 AM,05:54 PM,13,17,17,17,6,42,77,4.0,1014,20,10,179,4,Burundi
2017-10-19,22,13,0.0,11.6,5,0,05:25 AM,05:49 PM,05:42 AM,05:53 PM,12,18,18,18,7,27,70,0.5,1014,22,10,275,5,Burundi
2017-10-20,19,13,0.0,11.6,5,0,06:09 AM,06:35 PM,05:42 AM,05:53 PM,12,17,16,17,5,28,78,0.1,1016,19,10,151,3,Burundi
2017-10-21,22,12,0.0,11.6,5,3,06:54 AM,07:22 PM,05:42 AM,05:53 PM,13,17,18,17,6,33,76,2.9,1015,22,10,107,4,Burundi
2017-10-22,23,12,0.0,11.6,5,10,07:39 AM,08:09 PM,05:41 AM,05:53 PM,11,19,19,19,6,14,66,0.0,1014,23,10,76,4,Burundi
2017-10-23,24,12,0.0,11.6,5,17,08:25 AM,08:56 PM,05:41 AM,05:53 PM,10,19,19,19,5,9,59,0.0,1013,24,10,140,4,Burundi
2017-10-24,21,13,0.0,11.6,5,25,09:12 AM,09:44 PM,05:41 AM,05:53 PM,13,18,18,18,6,38,74,0.0,1013,21,10,97,4,Burundi
2017-10-25,22,13,0.0,11.6,5,32,09:59 AM,10:31 PM,05:41 AM,05:53 PM,14,18,18,18,7,49,80,8.5,1013,22,9,59,5,Burundi
2017-10-26,22,14,0.0,10.2,5,39,10:47 AM,11:20 PM,05:40 AM,05:53 PM,14,17,18,17,6,55,83,16.8,1013,22,9,120,4,Burundi
2017-10-27,17,13,0.0,10.2,5,46,11:35 AM,No moonset,05:40 AM,05:53 PM,13,16,16,16,4,55,85,9.3,1012,17,10,140,3,Burundi
2017-10-28,22,13,0.0,11.6,5,54,12:23 PM,12:07 AM,05:40 AM,05:53 PM,13,17,17,17,6,49,81,7.5,1012,22,9,181,4,Burundi
2017-10-29,22,13,0.0,11.6,5,61,01:11 PM,12:53 AM,05:40 AM,05:53 PM,13,17,17,17,6,44,82,7.1,1013,22,9,60,4,Burundi
2017-10-30,18,13,0.0,11.6,5,68,01:59 PM,01:40 AM,05:40 AM,05:53 PM,13,16,16,16,6,42,85,5.1,1014,18,9,117,4,Burundi
2017-10-31,20,12,0.0,11.6,5,72,02:48 PM,02:27 AM,05:40 AM,05:53 PM,12,16,16,16,7,29,81,1.5,1014,20,9,61,5,Burundi
2017-11-01,22,11,0.0,11.6,5,86,03:39 PM,03:14 AM,05:39 AM,05:53 PM,12,17,18,17,8,17,73,1.9,1013,22,10,62,5,Burundi
2017-11-02,21,12,0.0,11.6,5,93,04:30 PM,04:02 AM,05:39 AM,05:53 PM,13,17,17,17,6,29,79,4.6,1013,21,10,65,4,Burundi
2017-11-03,20,12,0.0,11.6,5,100,05:24 PM,04:53 AM,05:39 AM,05:53 PM,13,17,16,17,5,47,82,3.3,1013,20,10,132,3,Burundi
2017-11-04,19,13,0.0,11.6,5,100,06:20 PM,05:46 AM,05:39 AM,05:54 PM,14,16,16,16,5,47,86,13.4,1013,19,9,147,3,Burundi
2017-11-05,20,13,0.0,11.6,5,84,07:19 PM,06:41 AM,05:39 AM,05:54 PM,13,16,16,16,4,54,84,7.0,1013,20,10,139,3,Burundi
2017-11-06,20,13,0.0,11.6,5,76,08:20 PM,07:40 AM,05:39 AM,05:54 PM,14,17,16,17,4,49,83,12.9,1013,20,8,259,3,Burundi
2017-11-07,18,13,0.0,7.5,3,69,09:22 PM,08:39 AM,05:39 AM,05:54 PM,13,15,15,15,3,63,86,11.5,1014,18,8,222,2,Burundi
2017-11-08,21,13,0.0,10.2,5,61,10:21 PM,09:41 AM,05:39 AM,05:54 PM,13,16,17,16,3,56,83,12.0,1013,21,9,151,2,Burundi
2017-11-09,20,13,0.0,11.6,5,54,11:20 PM,10:40 AM,05:39 AM,05:54 PM,14,17,17,17,5,49,84,14.9,1013,20,9,98,3,Burundi
2017-11-10,21,13,0.0,11.6,5,46,No moonrise,11:38 AM,05:39 AM,05:54 PM,14,17,17,17,5,38,82,5.8,1012,21,10,142,4,Burundi
2017-11-11,21,12,0.0,11.6,5,39,12:13 AM,12:32 PM,05:39 AM,05:55 PM,13,17,17,17,5,49,81,6.3,1013,21,9,151,3,Burundi
2017-11-12,22,12,0.0,11.6,5,31,01:05 AM,01:23 PM,05:39 AM,05:55 PM,13,17,17,17,6,34,81,0.0,1013,22,10,53,4,Burundi
2017-11-13,22,12,0.0,11.6,5,24,01:53 AM,02:12 PM,05:39 AM,05:55 PM,13,18,18,18,6,42,79,4.6,1012,22,9,55,4,Burundi
2017-11-14,22,12,0.0,11.6,5,16,02:38 AM,02:59 PM,05:39 AM,05:55 PM,14,18,18,18,7,36,80,6.5,1012,22,9,59,4,Burundi
2017-11-15,22,14,0.0,11.6,5,8,03:23 AM,03:45 PM,05:39 AM,05:55 PM,14,17,17,17,7,61,84,12.7,1012,22,9,55,5,Burundi
2017-11-16,23,13,0.0,11.6,5,1,04:06 AM,04:31 PM,05:39 AM,05:56 PM,14,18,18,18,7,34,82,5.9,1011,23,9,57,4,Burundi
2017-11-17,20,12,0.0,11.6,5,0,04:50 AM,05:17 PM,05:40 AM,05:56 PM,13,16,16,16,6,31,82,4.1,1012,20,10,260,4,Burundi
2017-11-18,22,12,0.0,11.6,5,0,05:35 AM,06:04 PM,05:40 AM,05:56 PM,13,17,17,17,7,27,79,4.3,1012,22,10,88,5,Burundi
2017-11-19,22,12,0.0,11.6,5,0,06:20 AM,06:51 PM,05:40 AM,05:56 PM,13,17,17,17,7,30,77,1.1,1013,22,10,96,5,Burundi
2017-11-20,21,12,0.0,11.6,5,6,07:07 AM,07:39 PM,05:40 AM,05:57 PM,13,17,16,17,7,41,81,4.5,1014,21,10,62,5,Burundi
2017-11-21,21,12,0.0,11.6,5,14,07:54 AM,08:26 PM,05:40 AM,05:57 PM,13,17,17,17,5,41,80,8.2,1013,21,10,102,3,Burundi
2017-11-22,23,12,0.0,11.6,5,22,08:41 AM,09:14 PM,05:40 AM,05:57 PM,13,17,17,17,5,43,78,3.4,1013,23,10,148,3,Burundi
2017-11-23,23,12,0.0,11.6,5,29,09:30 AM,10:01 PM,05:41 AM,05:58 PM,12,17,18,17,4,39,75,2.7,1012,23,10,86,3,Burundi
2017-11-24,21,13,0.0,11.6,5,37,10:17 AM,10:48 PM,05:41 AM,05:58 PM,12,17,17,17,4,59,77,3.8,1013,21,10,243,3,Burundi
2017-11-25,22,12,0.0,11.6,5,44,11:04 AM,11:34 PM,05:41 AM,05:58 PM,13,16,17,16,4,49,80,9.3,1014,22,9,212,3,Burundi
2017-11-26,21,13,0.0,11.6,5,52,11:52 AM,No moonset,05:41 AM,05:59 PM,13,17,17,17,6,44,79,3.9,1015,21,9,118,4,Burundi
2017-11-27,22,12,0.0,11.6,5,59,12:39 PM,12:19 AM,05:42 AM,05:59 PM,12,18,18,18,6,19,72,1.4,1015,22,10,47,4,Burundi
2017-11-28,24,12,0.0,12.6,5,67,01:27 PM,01:05 AM,05:42 AM,06:00 PM,13,18,18,18,5,25,75,6.8,1014,24,10,101,3,Burundi
2017-11-29,24,12,0.0,12.6,5,74,02:16 PM,01:51 AM,05:42 AM,06:00 PM,13,18,18,18,5,28,75,2.8,1014,24,10,158,3,Burundi
2017-11-30,23,12,0.0,12.6,5,82,03:08 PM,02:39 AM,05:42 AM,06:00 PM,12,17,18,17,5,32,75,1.6,1015,23,10,220,3,Burundi
2017-12-01,23,12,0.0,12.6,5,86,04:02 PM,03:29 AM,05:43 AM,06:01 PM,13,18,18,18,4,26,74,3.2,1014,23,10,180,3,Burundi
2017-12-02,21,13,0.0,12.6,5,93,04:59 PM,04:23 AM,05:43 AM,06:01 PM,13,17,18,17,4,29,77,0.4,1013,21,10,100,3,Burundi
2017-12-03,21,13,0.0,12.6,5,100,06:00 PM,05:20 AM,05:43 AM,06:02 PM,13,17,18,17,4,41,79,1.7,1014,21,9,91,3,Burundi
2017-12-04,23,13,0.0,12.6,5,100,07:03 PM,06:21 AM,05:44 AM,06:02 PM,14,18,18,18,6,31,78,1.7,1014,23,10,52,4,Burundi
2017-12-05,24,12,0.0,12.6,5,85,08:06 PM,07:24 AM,05:44 AM,06:02 PM,13,18,18,18,5,29,76,3.1,1013,24,10,74,4,Burundi
2017-12-06,21,13,0.0,12.6,5,77,09:08 PM,08:26 AM,05:45 AM,06:03 PM,14,17,17,17,5,46,83,6.9,1012,21,10,58,3,Burundi
2017-12-07,22,13,0.0,12.6,5,70,10:06 PM,09:28 AM,05:45 AM,06:03 PM,14,18,18,18,6,42,82,5.7,1012,22,10,97,4,Burundi
2017-12-08,21,14,0.0,11.8,4,63,11:00 PM,10:25 AM,05:45 AM,06:04 PM,14,17,18,17,5,58,84,11.6,1012,21,9,66,3,Burundi
2017-12-09,20,14,0.0,12.6,5,56,11:51 PM,11:19 AM,05:46 AM,06:04 PM,14,17,17,17,4,52,85,6.1,1012,20,10,188,3,Burundi
2017-12-10,21,14,0.0,11.8,4,48,No moonrise,12:10 PM,05:46 AM,06:05 PM,14,17,17,17,3,57,83,13.4,1013,21,9,270,2,Burundi
2017-12-11,20,13,0.0,12.6,5,41,12:37 AM,12:58 PM,05:47 AM,06:05 PM,13,16,16,16,3,59,82,3.9,1014,20,9,206,2,Burundi
2017-12-12,23,12,0.0,12.6,5,34,01:22 AM,01:44 PM,05:47 AM,06:06 PM,13,18,18,18,5,33,77,3.1,1014,23,10,61,4,Burundi
2017-12-13,24,13,0.0,12.6,5,27,02:06 AM,02:29 PM,05:47 AM,06:06 PM,13,18,18,18,4,15,74,2.0,1014,24,10,139,3,Burundi
2017-12-14,24,12,0.0,12.6,5,19,02:49 AM,03:15 PM,05:48 AM,06:07 PM,13,18,18,18,5,17,73,3.6,1014,24,10,181,3,Burundi
2017-12-15,23,12,0.0,12.6,5,12,03:33 AM,04:01 PM,05:48 AM,06:07 PM,13,18,18,18,5,24,74,5.2,1014,23,10,220,3,Burundi
2017-12-16,24,12,0.0,12.6,5,5,04:17 AM,04:47 PM,05:49 AM,06:08 PM,12,17,17,17,5,32,76,0.0,1014,24,10,99,3,Burundi
2017-12-17,23,13,0.0,12.6,5,0,05:03 AM,05:35 PM,05:49 AM,06:08 PM,12,18,18,18,3,37,74,0.0,1013,23,10,95,2,Burundi
2017-12-18,21,13,0.0,12.6,5,0,05:50 AM,06:23 PM,05:50 AM,06:09 PM,13,17,17,17,4,42,78,2.9,1013,21,9,172,3,Burundi
2017-12-19,21,13,0.0,12.6,5,2,06:38 AM,07:11 PM,05:50 AM,06:09 PM,13,17,18,17,5,51,81,3.9,1013,21,10,219,4,Burundi
2017-12-20,19,12,0.0,12.6,4,10,07:26 AM,07:59 PM,05:51 AM,06:10 PM,12,15,15,15,5,38,82,1.0,1015,19,10,126,3,Burundi
2017-12-21,21,11,0.0,12.6,5,17,08:14 AM,08:45 PM,05:51 AM,06:10 PM,12,16,17,16,5,31,79,1.5,1015,21,10,51,3,Burundi
2017-12-22,23,11,0.0,12.6,5,24,09:01 AM,09:31 PM,05:52 AM,06:11 PM,12,17,18,17,6,19,74,0.9,1013,23,10,63,4,Burundi
2017-12-23,24,12,0.0,12.6,5,31,09:48 AM,10:16 PM,05:52 AM,06:11 PM,12,18,18,18,5,17,72,0.5,1012,24,10,137,3,Burundi
2017-12-24,19,13,0.0,12.6,5,39,10:34 AM,11:00 PM,05:53 AM,06:12 PM,12,16,16,16,3,46,78,4.3,1013,19,9,260,2,Burundi
2017-12-25,23,12,0.0,12.6,5,46,11:21 AM,11:45 PM,05:53 AM,06:12 PM,11,17,18,17,4,34,68,0.0,1014,23,10,243,2,Burundi
2017-12-26,24,11,0.0,12.6,5,53,12:07 PM,No moonset,05:54 AM,06:13 PM,12,18,18,18,5,33,74,4.0,1013,24,10,89,3,Burundi
2017-12-27,24,12,0.0,12.6,5,61,12:56 PM,12:30 AM,05:54 AM,06:13 PM,13,18,18,18,5,23,75,2.5,1012,24,10,79,3,Burundi
2017-12-28,23,12,0.0,12.6,5,68,01:47 PM,01:18 AM,05:55 AM,06:14 PM,12,18,18,18,4,20,73,0.0,1013,23,10,221,3,Burundi
2017-12-29,23,12,0.0,12.6,5,75,02:41 PM,02:07 AM,05:55 AM,06:14 PM,12,18,18,18,5,25,71,0.0,1014,23,10,198,3,Burundi
2017-12-30,23,12,0.0,12.6,5,82,03:39 PM,03:01 AM,05:56 AM,06:14 PM,12,17,18,17,3,32,72,0.0,1014,23,10,262,2,Burundi
2017-12-31,18,13,0.0,12.6,4,86,04:40 PM,03:59 AM,05:56 AM,06:15 PM,12,15,15,15,3,62,81,5.6,1015,18,9,283,2,Burundi
